{
    "Total Defect Energy": {
        "Vac:0 H:0 He:0": -6139.451073973862,
        "Vac:0 H:0 He:1": -6132.764041778374,
        "Vac:0 H:0 He:2": -6126.267627472296,
        "Vac:0 H:0 He:3": -6120.492275738901,
        "Vac:0 H:0 He:4": -6115.16210008879,
        "Vac:0 H:0 He:5": -6110.121769080795,
        "Vac:1 H:0 He:0": -6126.866992018699,
        "Vac:1 H:0 He:1": -6125.5692147291265,
        "Vac:1 H:0 He:2": -6122.177856854742,
        "Vac:1 H:0 He:3": -6118.588241792873,
        "Vac:1 H:0 He:4": -6114.902370958276,
        "Vac:1 H:0 He:5": -6110.616487688494,
        "Vac:2 H:0 He:0": -6114.375351387591,
        "Vac:2 H:0 He:1": -6113.409581795655,
        "Vac:2 H:0 He:2": -6112.474226764837,
        "Vac:2 H:0 He:3": -6110.027269252822,
        "Vac:2 H:0 He:4": -6106.83807929165,
        "Vac:2 H:0 He:5": -6103.681590168148
    },
    "Intersitial Init Position": {
        "Vac:0 H:0 He:0": [
            [],
            [],
            []
        ],
        "Vac:0 H:0 He:1": [
            [],
            [],
            [
                [
                    3.0,
                    3.25,
                    3.5
                ]
            ]
        ],
        "Vac:0 H:0 He:2": [
            [],
            [],
            [
                [
                    3.0,
                    3.25,
                    3.5
                ],
                [
                    3.75,
                    3.75,
                    3.25
                ]
            ]
        ],
        "Vac:0 H:0 He:3": [
            [],
            [],
            [
                [
                    3.0,
                    3.25,
                    3.5
                ],
                [
                    3.75,
                    3.75,
                    3.25
                ],
                [
                    3.5,
                    3.5,
                    4.0
                ]
            ]
        ],
        "Vac:0 H:0 He:4": [
            [],
            [],
            [
                [
                    3.0,
                    3.25,
                    3.5
                ],
                [
                    3.75,
                    3.75,
                    3.25
                ],
                [
                    3.5,
                    3.5,
                    4.0
                ],
                [
                    4.0,
                    3.25,
                    3.5
                ]
            ]
        ],
        "Vac:0 H:0 He:5": [
            [],
            [],
            [
                [
                    3.0,
                    3.25,
                    3.5
                ],
                [
                    3.75,
                    3.75,
                    3.25
                ],
                [
                    3.5,
                    3.5,
                    4.0
                ],
                [
                    4.0,
                    3.25,
                    3.5
                ],
                [
                    3.5,
                    4.0,
                    3.5
                ]
            ]
        ],
        "Vac:1 H:0 He:0": [
            [],
            [],
            []
        ],
        "Vac:1 H:0 He:1": [
            [],
            [],
            [
                [
                    3.5,
                    3.5,
                    3.5
                ]
            ]
        ],
        "Vac:1 H:0 He:2": [
            [],
            [],
            [
                [
                    3.5,
                    3.5,
                    3.5
                ],
                [
                    3.0,
                    3.25,
                    3.5
                ]
            ]
        ],
        "Vac:1 H:0 He:3": [
            [],
            [],
            [
                [
                    3.5,
                    3.5,
                    3.5
                ],
                [
                    3.0,
                    3.25,
                    3.5
                ],
                [
                    4.0,
                    3.5,
                    3.5
                ]
            ]
        ],
        "Vac:1 H:0 He:4": [
            [],
            [],
            [
                [
                    3.5,
                    3.5,
                    3.5
                ],
                [
                    3.0,
                    3.25,
                    3.5
                ],
                [
                    4.0,
                    3.5,
                    3.5
                ],
                [
                    3.25,
                    3.75,
                    3.25
                ]
            ]
        ],
        "Vac:1 H:0 He:5": [
            [],
            [],
            [
                [
                    3.5,
                    3.5,
                    3.5
                ],
                [
                    3.0,
                    3.25,
                    3.5
                ],
                [
                    4.0,
                    3.5,
                    3.5
                ],
                [
                    3.25,
                    3.75,
                    3.25
                ],
                [
                    3.75,
                    3.25,
                    3.75
                ]
            ]
        ],
        "Vac:2 H:0 He:0": [
            [],
            [],
            []
        ],
        "Vac:2 H:0 He:1": [
            [],
            [],
            [
                [
                    3.25,
                    3.25,
                    3.25
                ]
            ]
        ],
        "Vac:2 H:0 He:2": [
            [],
            [],
            [
                [
                    3.25,
                    3.25,
                    3.25
                ],
                [
                    4.0,
                    4.25,
                    4.5
                ]
            ]
        ],
        "Vac:2 H:0 He:3": [
            [],
            [],
            [
                [
                    3.25,
                    3.25,
                    3.25
                ],
                [
                    4.0,
                    4.25,
                    4.5
                ],
                [
                    4.5,
                    4.0,
                    3.75
                ]
            ]
        ],
        "Vac:2 H:0 He:4": [
            [],
            [],
            [
                [
                    3.25,
                    3.25,
                    3.25
                ],
                [
                    4.0,
                    4.25,
                    4.5
                ],
                [
                    4.5,
                    4.0,
                    3.75
                ],
                [
                    3.5,
                    3.5,
                    3.5
                ]
            ]
        ],
        "Vac:2 H:0 He:5": [
            [],
            [],
            [
                [
                    3.25,
                    3.25,
                    3.25
                ],
                [
                    4.0,
                    4.25,
                    4.5
                ],
                [
                    4.5,
                    4.0,
                    3.75
                ],
                [
                    3.5,
                    3.5,
                    3.5
                ],
                [
                    3.0,
                    3.25,
                    3.5
                ]
            ]
        ]
    }
}