{
    "Total Defect Energy": {
        "Vac:0 H:0 He:0": -6139.68491321237,
        "Vac:0 H:0 He:1": -6133.010109158467,
        "Vac:0 H:0 He:2": -6126.6152385135965,
        "Vac:0 H:0 He:3": -6120.732015466714,
        "Vac:0 H:0 He:4": -6115.498312087315,
        "Vac:0 H:0 He:5": -6110.040025628678,
        "Vac:0 H:0 He:6": -6105.308533180726,
        "Vac:1 H:0 He:0": -6127.102477931992,
        "Vac:1 H:0 He:1": -6125.809823818316,
        "Vac:1 H:0 He:2": -6122.485783318376,
        "Vac:1 H:0 He:3": -6118.873386488296,
        "Vac:1 H:0 He:4": -6115.206274811504,
        "Vac:1 H:0 He:5": -6111.0171506477955,
        "Vac:1 H:0 He:6": -6106.897624051074,
        "Vac:2 H:0 He:0": -6114.610222454741,
        "Vac:2 H:0 He:1": -6113.647395608636,
        "Vac:2 H:0 He:2": -6112.714623538985,
        "Vac:2 H:0 He:3": -6110.316554266367,
        "Vac:2 H:0 He:4": -6107.131979870935,
        "Vac:2 H:0 He:5": -6103.978207565609,
        "Vac:2 H:0 He:6": -6100.598938669971
    },
    "Intersitial Init Position": {
        "Vac:0 H:0 He:0": [
            [],
            [],
            []
        ],
        "Vac:0 H:0 He:1": [
            [],
            [],
            [
                [
                    3.0,
                    3.25,
                    3.5
                ]
            ]
        ],
        "Vac:0 H:0 He:2": [
            [],
            [],
            [
                [
                    3.0,
                    3.25,
                    3.5
                ],
                [
                    3.75,
                    3.75,
                    3.25
                ]
            ]
        ],
        "Vac:0 H:0 He:3": [
            [],
            [],
            [
                [
                    3.0,
                    3.25,
                    3.5
                ],
                [
                    3.75,
                    3.75,
                    3.25
                ],
                [
                    3.5,
                    3.5,
                    4.0
                ]
            ]
        ],
        "Vac:0 H:0 He:4": [
            [],
            [],
            [
                [
                    3.0,
                    3.25,
                    3.5
                ],
                [
                    3.75,
                    3.75,
                    3.25
                ],
                [
                    3.5,
                    3.5,
                    4.0
                ],
                [
                    4.0,
                    3.25,
                    3.5
                ]
            ]
        ],
        "Vac:0 H:0 He:5": [
            [],
            [],
            [
                [
                    3.0,
                    3.25,
                    3.5
                ],
                [
                    3.75,
                    3.75,
                    3.25
                ],
                [
                    3.5,
                    3.5,
                    4.0
                ],
                [
                    4.0,
                    3.25,
                    3.5
                ],
                [
                    3.5,
                    4.0,
                    3.5
                ]
            ]
        ],
        "Vac:0 H:0 He:6": [
            [],
            [],
            [
                [
                    3.0,
                    3.25,
                    3.5
                ],
                [
                    3.75,
                    3.75,
                    3.25
                ],
                [
                    3.5,
                    3.5,
                    4.0
                ],
                [
                    4.0,
                    3.25,
                    3.5
                ],
                [
                    3.5,
                    4.0,
                    3.5
                ],
                [
                    3.5,
                    3.0,
                    3.5
                ]
            ]
        ],
        "Vac:1 H:0 He:0": [
            [],
            [],
            []
        ],
        "Vac:1 H:0 He:1": [
            [],
            [],
            [
                [
                    3.5,
                    3.5,
                    3.5
                ]
            ]
        ],
        "Vac:1 H:0 He:2": [
            [],
            [],
            [
                [
                    3.5,
                    3.5,
                    3.5
                ],
                [
                    3.0,
                    3.25,
                    3.5
                ]
            ]
        ],
        "Vac:1 H:0 He:3": [
            [],
            [],
            [
                [
                    3.5,
                    3.5,
                    3.5
                ],
                [
                    3.0,
                    3.25,
                    3.5
                ],
                [
                    3.75,
                    3.75,
                    3.25
                ]
            ]
        ],
        "Vac:1 H:0 He:4": [
            [],
            [],
            [
                [
                    3.5,
                    3.5,
                    3.5
                ],
                [
                    3.0,
                    3.25,
                    3.5
                ],
                [
                    3.75,
                    3.75,
                    3.25
                ],
                [
                    3.75,
                    3.25,
                    3.75
                ]
            ]
        ],
        "Vac:1 H:0 He:5": [
            [],
            [],
            [
                [
                    3.5,
                    3.5,
                    3.5
                ],
                [
                    3.0,
                    3.25,
                    3.5
                ],
                [
                    3.75,
                    3.75,
                    3.25
                ],
                [
                    3.75,
                    3.25,
                    3.75
                ],
                [
                    3.25,
                    3.75,
                    3.75
                ]
            ]
        ],
        "Vac:1 H:0 He:6": [
            [],
            [],
            [
                [
                    3.5,
                    3.5,
                    3.5
                ],
                [
                    3.0,
                    3.25,
                    3.5
                ],
                [
                    3.75,
                    3.75,
                    3.25
                ],
                [
                    3.75,
                    3.25,
                    3.75
                ],
                [
                    3.25,
                    3.75,
                    3.75
                ],
                [
                    3.5,
                    3.5,
                    3.0
                ]
            ]
        ],
        "Vac:2 H:0 He:0": [
            [],
            [],
            []
        ],
        "Vac:2 H:0 He:1": [
            [],
            [],
            [
                [
                    3.5,
                    3.5,
                    3.5
                ]
            ]
        ],
        "Vac:2 H:0 He:2": [
            [],
            [],
            [
                [
                    3.5,
                    3.5,
                    3.5
                ],
                [
                    4.25,
                    4.25,
                    4.25
                ]
            ]
        ],