{
    "Total Defect Energy": {
        "Vac:0 H:0 He:0": -6105.3862872141235,
        "Vac:0 H:0 He:1": -6098.705313248035,
        "Vac:0 H:0 He:2": -6092.130791249753,
        "Vac:0 H:0 He:3": -6086.3214753521115,
        "Vac:0 H:0 He:4": -6080.950632224987,
        "Vac:0 H:0 He:5": -6075.736721799714,
        "Vac:0 H:0 He:6": -6070.813777140705,
        "Vac:1 H:0 He:0": -6093.001196838841,
        "Vac:1 H:0 He:1": -6091.857982977905,
        "Vac:1 H:0 He:2": -6088.771906493849,
        "Vac:1 H:0 He:3": -6085.433389784022,
        "Vac:1 H:0 He:4": -6082.023976785549,
        "Vac:1 H:0 He:5": -6077.81683781939,
        "Vac:1 H:0 He:6": -6074.138728118734,
        "Vac:2 H:0 He:0": -6081.106537005091,
        "Vac:2 H:0 He:1": -6080.330085967535,
        "Vac:2 H:0 He:2": -6079.557038145277,
        "Vac:2 H:0 He:3": -6077.335160594861,
        "Vac:2 H:0 He:4": -6074.371329307821,
        "Vac:2 H:0 He:5": -6071.29676009596,
        "Vac:2 H:0 He:6": -6068.361577274822
    },
    "Intersitial Init Position": {
        "Vac:0 H:0 He:0": [
            [],
            [],
            []
        ],
        "Vac:0 H:0 He:1": [
            [],
            [],
            [
                [
                    3.0,
                    3.25,
                    3.5
                ]
            ]
        ],
        "Vac:0 H:0 He:2": [
            [],
            [],
            [
                [
                    3.0,
                    3.25,
                    3.5
                ],
                [
                    3.75,
                    3.75,
                    3.25
                ]
            ]
        ],
        "Vac:0 H:0 He:3": [
            [],
            [],
            [
                [
                    3.0,
                    3.25,
                    3.5
                ],
                [
                    3.75,
                    3.75,
                    3.25
                ],
                [
                    3.5,
                    3.5,
                    4.0
                ]
            ]
        ],
        "Vac:0 H:0 He:4": [
            [],
            [],
            [
                [
                    3.0,
                    3.25,
                    3.5
                ],
                [
                    3.75,
                    3.75,
                    3.25
                ],
                [
                    3.5,
                    3.5,
                    4.0
                ],
                [
                    4.0,
                    3.25,
                    3.5
                ]
            ]
        ],
        "Vac:0 H:0 He:5": [
            [],
            [],
            [
                [
                    3.0,
                    3.25,
                    3.5
                ],
                [
                    3.75,
                    3.75,
                    3.25
                ],
                [
                    3.5,
                    3.5,
                    4.0
                ],
                [
                    4.0,
                    3.25,
                    3.5
                ],
                [
                    3.5,
                    4.0,
                    3.5
                ]
            ]
        ],
        "Vac:0 H:0 He:6": [
            [],
            [],
            [
                [
                    3.0,
                    3.25,
                    3.5
                ],
                [
                    3.75,
                    3.75,
                    3.25
                ],
                [
                    3.5,
                    3.5,
                    4.0
                ],
                [
                    4.0,
                    3.25,
                    3.5
                ],
                [
                    3.5,
                    4.0,
                    3.5
                ],
                [
                    3.5,
                    3.0,
                    3.5
                ]
            ]
        ],
        "Vac:1 H:0 He:0": [
            [],
            [],
            []
        ],
        "Vac:1 H:0 He:1": [
            [],
            [],
            [
                [
                    3.5,
                    3.5,
                    3.5
                ]
            ]
        ],
        "Vac:1 H:0 He:2": [
            [],
            [],
            [
                [
                    3.5,
                    3.5,
                    3.5
                ],
                [
                    3.0,
                    3.25,
                    3.5
                ]
            ]
        ],
        "Vac:1 H:0 He:3": [
            [],
            [],
            [
                [
                    3.5,
                    3.5,
                    3.5
                ],
                [
                    3.0,
                    3.25,
                    3.5
                ],
                [
                    3.75,
                    3.75,
                    3.25
                ]
            ]
        ],
        "Vac:1 H:0 He:4": [
            [],
            [],
            [
                [
                    3.5,
                    3.5,
                    3.5
                ],
                [
                    3.0,
                    3.25,
                    3.5
                ],
                [
                    3.75,
                    3.75,
                    3.25
                ],
                [
                    3.75,
                    3.5,
                    4.0
                ]
            ]
        ],
        "Vac:1 H:0 He:5": [
            [],
            [],
            [
                [
                    3.5,
                    3.5,
                    3.5
                ],
                [
                    3.0,
                    3.25,
                    3.5
                ],
                [
                    3.75,
                    3.75,
                    3.25
                ],
                [
                    3.75,
                    3.5,
                    4.0
                ],
                [
                    3.75,
                    3.25,
                    3.25
                ]
            ]
        ],
        "Vac:1 H:0 He:6": [
            [],
            [],
            [
                [
                    3.5,
                    3.5,
                    3.5
                ],
                [
                    3.0,
                    3.25,
                    3.5
                ],
                [
                    3.75,
                    3.75,
                    3.25
                ],
                [
                    3.75,
                    3.5,
                    4.0
                ],
                [
                    3.75,
                    3.25,
                    3.25
                ],
                [
                    3.5,
                    4.0,
                    3.5
                ]
            ]
        ],
        "Vac:2 H:0 He:0": [
            [],
            [],
            []
        ],
        "Vac:2 H:0 He:1": [
            [],
            [],
            [
                [
                    3.0,
                    3.5,
                    3.5
                ]
            ]
        ],
        "Vac:2 H:0 He:2": [
            [],
            [],
            [
                [
                    3.0,
                    3.5,
                    3.5
                ],
                [
                    4.0,
                    4.0,
                    4.0
                ]
            ]
        ],