{
    "Total Defect Energy": {
        "Vac:0 H:0 He:0": -6139.68491321237,
        "Vac:0 H:1 He:0": -6141.028830619991,
        "Vac:0 H:2 He:0": -6142.312834030248,
        "Vac:0 H:3 He:0": -6143.628756759183,
        "Vac:0 H:4 He:0": -6145.076644794501,
        "Vac:0 H:5 He:0": -6146.417368127901,
        "Vac:0 H:6 He:0": -6147.635941626591,
        "Vac:1 H:0 He:0": -6127.102477931992,
        "Vac:1 H:1 He:0": -6129.676008170397,
        "Vac:1 H:2 He:0": -6132.327566049276,
        "Vac:1 H:3 He:0": -6134.665854681007,
        "Vac:1 H:4 He:0": -6137.07969977371,
        "Vac:1 H:5 He:0": -6139.125873710111,
        "Vac:1 H:6 He:0": -6140.9394939958165,
        "Vac:2 H:0 He:0": -6114.610222454741,
        "Vac:2 H:1 He:0": -6117.118428242869,
        "Vac:2 H:2 He:0": -6119.625968858472,
        "Vac:2 H:3 He:0": -6122.256189414668,
        "Vac:2 H:4 He:0": -6124.881414219682,
        "Vac:2 H:5 He:0": -6127.102823871435,
        "Vac:2 H:6 He:0": -6129.408048281466
    },
    "Intersitial Init Position": {
        "Vac:0 H:0 He:0": [
            [],
            [],
            []
        ],
        "Vac:0 H:1 He:0": [
            [],
            [
                [
                    3.0,
                    3.25,
                    3.5
                ]
            ],
            []
        ],
        "Vac:0 H:2 He:0": [
            [],
            [
                [
                    3.0,
                    3.25,
                    3.5
                ],
                [
                    3.75,
                    3.75,
                    3.25
                ]
            ],
            []
        ],
        "Vac:0 H:3 He:0": [
            [],
            [
                [
                    3.0,
                    3.25,
                    3.5
                ],
                [
                    3.75,
                    3.75,
                    3.25
                ],
                [
                    3.75,
                    3.25,
                    3.75
                ]
            ],
            []
        ],
        "Vac:0 H:4 He:0": [
            [],
            [
                [
                    3.0,
                    3.25,
                    3.5
                ],
                [
                    3.75,
                    3.75,
                    3.25
                ],
                [
                    3.75,
                    3.25,
                    3.75
                ],
                [
                    3.5,
                    4.0,
                    3.5
                ]
            ],
            []
        ],
        "Vac:0 H:5 He:0": [
            [],
            [
                [
                    3.0,
                    3.25,
                    3.5
                ],
                [
                    3.75,
                    3.75,
                    3.25
                ],
                [
                    3.75,
                    3.25,
                    3.75
                ],
                [
                    3.5,
                    4.0,
                    3.5
                ],
                [
                    3.75,
                    3.25,
                    3.25
                ]
            ],
            []
        ],
        "Vac:0 H:6 He:0": [
            [],
            [
                [
                    3.0,
                    3.25,
                    3.5
                ],
                [
                    3.75,
                    3.75,
                    3.25
                ],
                [
                    3.75,
                    3.25,
                    3.75
                ],
                [
                    3.5,
                    4.0,
                    3.5
                ],
                [
                    3.75,
                    3.25,
                    3.25
                ],
                [
                    3.25,
                    3.5,
                    4.0
                ]
            ],
            []
        ],
        "Vac:1 H:0 He:0": [
            [],
            [],
            []
        ],
        "Vac:1 H:1 He:0": [
            [],
            [
                [
                    3.0,
                    3.5,
                    3.5
                ]
            ],
            []
        ],
        "Vac:1 H:2 He:0": [
            [],
            [
                [
                    3.0,
                    3.5,
                    3.5
                ],
                [
                    4.0,
                    3.5,
                    3.5
                ]
            ],
            []
        ],
        "Vac:1 H:3 He:0": [
            [],
            [
                [
                    3.0,
                    3.5,
                    3.5
                ],
                [
                    4.0,
                    3.5,
                    3.5
                ],
                [
                    3.5,
                    3.0,
                    3.25
                ]
            ],
            []
        ],
        "Vac:1 H:4 He:0": [
            [],
            [
                [
                    3.0,
                    3.5,
                    3.5
                ],
                [
                    4.0,
                    3.5,
                    3.5
                ],
                [
                    3.5,
                    3.0,
                    3.25
                ],
                [
                    3.5,
                    4.0,
                    3.75
                ]
            ],
            []
        ],
        "Vac:1 H:5 He:0": [
            [],
            [
                [
                    3.0,
                    3.5,
                    3.5
                ],
                [
                    4.0,
                    3.5,
                    3.5
                ],
                [
                    3.5,
                    3.0,
                    3.25
                ],
                [
                    3.5,
                    4.0,
                    3.75
                ],
                [
                    3.25,
                    3.25,
                    3.75
                ]
            ],
            []
        ],
        "Vac:1 H:6 He:0": [
            [],
            [
                [
                    3.0,
                    3.5,
                    3.5
                ],
                [
                    4.0,
                    3.5,
                    3.5
                ],
                [
                    3.5,
                    3.0,
                    3.25
                ],
                [
                    3.5,
                    4.0,
                    3.75
                ],
                [
                    3.25,
                    3.25,
                    3.75
                ],
                [
                    3.75,
                    3.75,
                    3.25
                ]
            ],
            []
        ],
        "Vac:2 H:0 He:0": [
            [],
            [],
            []
        ],
        "Vac:2 H:1 He:0": [
            [],
            [
                [
                    3.0,
                    3.25,
                    3.5
                ]
            ],
            []
        ],
        "Vac:2 H:2 He:0": [
            [],
            [
                [
                    3.0,
                    3.25,
                    3.5
                ],
                [
                    4.5,
                    4.25,
                    4.0
                ]
            ],
            []
        ],