{
    "Total Defect Energy": {
        "Vac:0 H:0 He:0": -6105.3862872146765,
        "Vac:0 H:1 He:0": -6106.68983897683,
        "Vac:0 H:2 He:0": -6107.981032607255,
        "Vac:0 H:3 He:0": -6109.207869493577,
        "Vac:0 H:4 He:0": -6110.688679992021,
        "Vac:0 H:5 He:0": -6111.930901384263,
        "Vac:1 H:0 He:0": -6093.001110561083,
        "Vac:1 H:1 He:0": -6095.424073253069,
        "Vac:1 H:2 He:0": -6097.820875986385,
        "Vac:1 H:3 He:0": -6099.931319304194,
        "Vac:1 H:4 He:0": -6101.908015715412,
        "Vac:1 H:5 He:0": -6103.75929721097,
        "Vac:2 H:0 He:0": -6081.106250442377,
        "Vac:2 H:1 He:0": -6083.539508557107,
        "Vac:2 H:2 He:0": -6085.972553287175,
        "Vac:2 H:3 He:0": -6088.270502061459,
        "Vac:2 H:4 He:0": -6090.569485941626,
        "Vac:2 H:5 He:0": -6092.711168413446
    },
    "Intersitial Init Position": {
        "Vac:0 H:0 He:0": [
            [],
            [],
            []
        ],
        "Vac:0 H:1 He:0": [
            [],
            [
                [
                    3.0,
                    3.25,
                    3.5
                ]
            ],
            []
        ],
        "Vac:0 H:2 He:0": [
            [],
            [
                [
                    3.0,
                    3.25,
                    3.5
                ],
                [
                    3.75,
                    3.75,
                    3.25
                ]
            ],
            []
        ],
        "Vac:0 H:3 He:0": [
            [],
            [
                [
                    3.0,
                    3.25,
                    3.5
                ],
                [
                    3.75,
                    3.75,
                    3.25
                ],
                [
                    3.5,
                    3.5,
                    4.0
                ]
            ],
            []
        ],
        "Vac:0 H:4 He:0": [
            [],
            [
                [
                    3.0,
                    3.25,
                    3.5
                ],
                [
                    3.75,
                    3.75,
                    3.25
                ],
                [
                    3.5,
                    3.5,
                    4.0
                ],
                [
                    4.0,
                    3.25,
                    3.5
                ]
            ],
            []
        ],
        "Vac:0 H:5 He:0": [
            [],
            [
                [
                    3.0,
                    3.25,
                    3.5
                ],
                [
                    3.75,
                    3.75,
                    3.25
                ],
                [
                    3.5,
                    3.5,
                    4.0
                ],
                [
                    4.0,
                    3.25,
                    3.5
                ],
                [
                    3.5,
                    4.0,
                    3.5
                ]
            ],
            []
        ],
        "Vac:1 H:0 He:0": [
            [],
            [],
            []
        ],
        "Vac:1 H:1 He:0": [
            [],
            [
                [
                    3.0,
                    3.5,
                    3.5
                ]
            ],
            []
        ],
        "Vac:1 H:2 He:0": [
            [],
            [
                [
                    3.0,
                    3.5,
                    3.5
                ],
                [
                    4.0,
                    3.5,
                    3.5
                ]
            ],
            []
        ],
        "Vac:1 H:3 He:0": [
            [],
            [
                [
                    3.0,
                    3.5,
                    3.5
                ],
                [
                    4.0,
                    3.5,
                    3.5
                ],
                [
                    3.5,
                    3.0,
                    3.25
                ]
            ],
            []
        ],
        "Vac:1 H:4 He:0": [
            [],
            [
                [
                    3.0,
                    3.5,
                    3.5
                ],
                [
                    4.0,
                    3.5,
                    3.5
                ],
                [
                    3.5,
                    3.0,
                    3.25
                ],
                [
                    3.25,
                    3.75,
                    3.75
                ]
            ],
            []
        ],
        "Vac:1 H:5 He:0": [
            [],
            [
                [
                    3.0,
                    3.5,
                    3.5
                ],
                [
                    4.0,
                    3.5,
                    3.5
                ],
                [
                    3.5,
                    3.0,
                    3.25
                ],
                [
                    3.25,
                    3.75,
                    3.75
                ],
                [
                    3.5,
                    4.0,
                    3.5
                ]
            ],
            []
        ],
        "Vac:2 H:0 He:0": [
            [],
            [],
            []
        ],
        "Vac:2 H:1 He:0": [
            [],
            [
                [
                    3.0,
                    3.25,
                    3.5
                ]
            ],
            []
        ],
        "Vac:2 H:2 He:0": [
            [],
            [
                [
                    3.0,
                    3.25,
                    3.5
                ],
                [
                    4.0,
                    4.0,
                    4.0
                ]
            ],
            []
        ],
        "Vac:2 H:3 He:0": [
            [],
            [
                [
                    3.0,
                    3.25,
                    3.5
                ],
                [
                    4.0,
                    4.0,
                    4.0
                ],
                [
                    3.5,
                    3.5,
                    3.5
                ]
            ],
            []
        ],
        "Vac:2 H:4 He:0": [
            [],
            [
                [
                    3.0,
                    3.25,
                    3.5
                ],
                [
                    4.0,
                    4.0,
                    4.0
                ],
                [
                    3.5,
                    3.5,
                    3.5
                ],
                [
                    4.5,
                    4.0,
                    4.0
                ]
            ],
            []
        ],
        "Vac:2 H:5 He:0": [
            [],
            [
                [
                    3.0,
                    3.25,
                    3.5
                ],
                [
                    4.0,
                    4.0,
                    4.0
                ],
                [
                    3.5,
                    3.5,
                    3.5
                ],
                [
                    4.5,
                    4.0,
                    4.0
                ],
                [
                    4.25,
                    4.25,
                    4.25
                ]
            ],
            []
        ]
    }
}